,precision,recall,f1-score,support
B-LOCATION,0.8110683832135095,0.7073490813648294,0.755666329153361,6858.0
I-LOCATION,0.8101474682891616,0.6703643655602014,0.7336570788195742,11719.0
micro avg,0.8104987881107284,0.6840178715616084,0.7419062910524012,18577.0
macro avg,0.8106079257513356,0.6888567234625154,0.7446617039864676,18577.0
weighted avg,0.8104874389276489,0.6840178715616084,0.7417821495408484,18577.0
